sample_idx,I,Q
0.000000000000000000e+00,2.304000000000000000e+03,0.000000000000000000e+00
1.000000000000000000e+00,-8.000000000000000000e+02,0.000000000000000000e+00
2.000000000000000000e+00,-1.329000000000000000e+03,0.000000000000000000e+00
3.000000000000000000e+00,2.428000000000000000e+03,0.000000000000000000e+00
4.000000000000000000e+00,-1.637000000000000000e+03,0.000000000000000000e+00
5.000000000000000000e+00,-4.170000000000000000e+02,0.000000000000000000e+00
6.000000000000000000e+00,2.154000000000000000e+03,0.000000000000000000e+00
7.000000000000000000e+00,-2.215000000000000000e+03,0.000000000000000000e+00
8.000000000000000000e+00,5.590000000000000000e+02,0.000000000000000000e+00
9.000000000000000000e+00,1.532000000000000000e+03,0.000000000000000000e+00
1.000000000000000000e+01,-2.431000000000000000e+03,0.000000000000000000e+00
1.100000000000000000e+01,1.447000000000000000e+03,0.000000000000000000e+00
1.200000000000000000e+01,6.600000000000000000e+02,0.000000000000000000e+00
1.300000000000000000e+01,-2.256000000000000000e+03,0.000000000000000000e+00
1.400000000000000000e+01,2.102000000000000000e+03,0.000000000000000000e+00
1.500000000000000000e+01,-3.130000000000000000e+02,0.000000000000000000e+00
1.600000000000000000e+01,-1.714000000000000000e+03,0.000000000000000000e+00
1.700000000000000000e+01,2.413000000000000000e+03,0.000000000000000000e+00
1.800000000000000000e+01,-1.240000000000000000e+03,0.000000000000000000e+00
1.900000000000000000e+01,-8.970000000000000000e+02,0.000000000000000000e+00
2.000000000000000000e+01,2.336000000000000000e+03,0.000000000000000000e+00
2.100000000000000000e+01,-1.961000000000000000e+03,0.000000000000000000e+00
2.200000000000000000e+01,6.900000000000000000e+01,0.000000000000000000e+00
2.300000000000000000e+01,1.882000000000000000e+03,0.000000000000000000e+00
2.400000000000000000e+01,-2.372000000000000000e+03,0.000000000000000000e+00
2.500000000000000000e+01,1.018000000000000000e+03,0.000000000000000000e+00
2.600000000000000000e+01,1.122000000000000000e+03,0.000000000000000000e+00
2.700000000000000000e+01,-2.397000000000000000e+03,0.000000000000000000e+00
2.800000000000000000e+01,1.805000000000000000e+03,0.000000000000000000e+00
2.900000000000000000e+01,1.830000000000000000e+02,0.000000000000000000e+00
3.000000000000000000e+01,-2.032000000000000000e+03,0.000000000000000000e+00
3.100000000000000000e+01,2.299000000000000000e+03,0.000000000000000000e+00
3.200000000000000000e+01,-7.910000000000000000e+02,0.000000000000000000e+00
3.300000000000000000e+01,-1.339000000000000000e+03,0.000000000000000000e+00
3.400000000000000000e+01,2.427000000000000000e+03,0.000000000000000000e+00
3.500000000000000000e+01,-1.629000000000000000e+03,0.000000000000000000e+00
3.600000000000000000e+01,-4.270000000000000000e+02,0.000000000000000000e+00
3.700000000000000000e+01,2.158000000000000000e+03,0.000000000000000000e+00
3.800000000000000000e+01,-2.209000000000000000e+03,0.000000000000000000e+00
3.900000000000000000e+01,5.540000000000000000e+02,0.000000000000000000e+00
4.000000000000000000e+01,1.540000000000000000e+03,0.000000000000000000e+00
4.100000000000000000e+01,-2.432000000000000000e+03,0.000000000000000000e+00
4.200000000000000000e+01,1.444000000000000000e+03,0.000000000000000000e+00
4.300000000000000000e+01,6.770000000000000000e+02,0.000000000000000000e+00
4.400000000000000000e+01,-2.257000000000000000e+03,0.000000000000000000e+00
4.500000000000000000e+01,2.097000000000000000e+03,1.000000000000000000e+00
4.600000000000000000e+01,-3.050000000000000000e+02,0.000000000000000000e+00
4.700000000000000000e+01,-1.721000000000000000e+03,0.000000000000000000e+00
4.800000000000000000e+01,2.416000000000000000e+03,0.000000000000000000e+00
4.900000000000000000e+01,-1.232000000000000000e+03,0.000000000000000000e+00
5.000000000000000000e+01,-9.100000000000000000e+02,0.000000000000000000e+00
5.100000000000000000e+01,2.337000000000000000e+03,0.000000000000000000e+00
5.200000000000000000e+01,-1.959000000000000000e+03,0.000000000000000000e+00
5.300000000000000000e+01,5.600000000000000000e+01,0.000000000000000000e+00
5.400000000000000000e+01,1.888000000000000000e+03,0.000000000000000000e+00
5.500000000000000000e+01,-2.366000000000000000e+03,0.000000000000000000e+00
5.600000000000000000e+01,1.013000000000000000e+03,0.000000000000000000e+00
5.700000000000000000e+01,1.132000000000000000e+03,0.000000000000000000e+00
5.800000000000000000e+01,-2.395000000000000000e+03,0.000000000000000000e+00
5.900000000000000000e+01,1.802000000000000000e+03,0.000000000000000000e+00
6.000000000000000000e+01,1.920000000000000000e+02,0.000000000000000000e+00
6.100000000000000000e+01,-2.034000000000000000e+03,0.000000000000000000e+00
6.200000000000000000e+01,2.304000000000000000e+03,0.000000000000000000e+00
6.300000000000000000e+01,-7.760000000000000000e+02,0.000000000000000000e+00
6.400000000000000000e+01,-1.344000000000000000e+03,0.000000000000000000e+00
6.500000000000000000e+01,2.430000000000000000e+03,0.000000000000000000e+00
6.600000000000000000e+01,-1.624000000000000000e+03,0.000000000000000000e+00
6.700000000000000000e+01,-4.410000000000000000e+02,0.000000000000000000e+00
6.800000000000000000e+01,2.159000000000000000e+03,0.000000000000000000e+00
6.900000000000000000e+01,-2.207000000000000000e+03,0.000000000000000000e+00
7.000000000000000000e+01,5.400000000000000000e+02,0.000000000000000000e+00
7.100000000000000000e+01,1.546000000000000000e+03,0.000000000000000000e+00
7.200000000000000000e+01,-2.432000000000000000e+03,0.000000000000000000e+00
7.300000000000000000e+01,1.431000000000000000e+03,0.000000000000000000e+00
7.400000000000000000e+01,6.810000000000000000e+02,0.000000000000000000e+00
7.500000000000000000e+01,-2.267000000000000000e+03,0.000000000000000000e+00
7.600000000000000000e+01,2.088000000000000000e+03,0.000000000000000000e+00
7.700000000000000000e+01,-2.940000000000000000e+02,0.000000000000000000e+00
7.800000000000000000e+01,-1.729000000000000000e+03,0.000000000000000000e+00
7.900000000000000000e+01,2.413000000000000000e+03,0.000000000000000000e+00
8.000000000000000000e+01,-1.222000000000000000e+03,0.000000000000000000e+00
8.100000000000000000e+01,-9.140000000000000000e+02,0.000000000000000000e+00
8.200000000000000000e+01,2.344000000000000000e+03,0.000000000000000000e+00
8.300000000000000000e+01,-1.951000000000000000e+03,0.000000000000000000e+00
8.400000000000000000e+01,5.000000000000000000e+01,0.000000000000000000e+00
8.500000000000000000e+01,1.900000000000000000e+03,0.000000000000000000e+00
8.600000000000000000e+01,-2.361000000000000000e+03,0.000000000000000000e+00
8.700000000000000000e+01,1.004000000000000000e+03,0.000000000000000000e+00
8.800000000000000000e+01,1.142000000000000000e+03,0.000000000000000000e+00
8.900000000000000000e+01,-2.394000000000000000e+03,0.000000000000000000e+00
9.000000000000000000e+01,1.796000000000000000e+03,0.000000000000000000e+00
9.100000000000000000e+01,2.050000000000000000e+02,0.000000000000000000e+00
9.200000000000000000e+01,-2.040000000000000000e+03,0.000000000000000000e+00
9.300000000000000000e+01,2.293000000000000000e+03,0.000000000000000000e+00
9.400000000000000000e+01,-7.700000000000000000e+02,0.000000000000000000e+00
9.500000000000000000e+01,-1.352000000000000000e+03,0.000000000000000000e+00
9.600000000000000000e+01,2.429000000000000000e+03,0.000000000000000000e+00
9.700000000000000000e+01,-1.615000000000000000e+03,0.000000000000000000e+00
9.800000000000000000e+01,-4.500000000000000000e+02,0.000000000000000000e+00
9.900000000000000000e+01,2.164000000000000000e+03,0.000000000000000000e+00
1.000000000000000000e+02,-2.200000000000000000e+03,0.000000000000000000e+00
1.010000000000000000e+02,5.320000000000000000e+02,0.000000000000000000e+00
1.020000000000000000e+02,1.553000000000000000e+03,0.000000000000000000e+00
1.030000000000000000e+02,-2.431000000000000000e+03,0.000000000000000000e+00
1.040000000000000000e+02,1.423000000000000000e+03,0.000000000000000000e+00
1.050000000000000000e+02,6.910000000000000000e+02,0.000000000000000000e+00
1.060000000000000000e+02,-2.267000000000000000e+03,0.000000000000000000e+00
1.070000000000000000e+02,2.085000000000000000e+03,0.000000000000000000e+00
1.080000000000000000e+02,-2.840000000000000000e+02,0.000000000000000000e+00
1.090000000000000000e+02,-1.737000000000000000e+03,0.000000000000000000e+00
1.100000000000000000e+02,2.409000000000000000e+03,0.000000000000000000e+00
1.110000000000000000e+02,-1.212000000000000000e+03,0.000000000000000000e+00
1.120000000000000000e+02,-9.220000000000000000e+02,0.000000000000000000e+00
1.130000000000000000e+02,2.347000000000000000e+03,0.000000000000000000e+00
1.140000000000000000e+02,-1.944000000000000000e+03,0.000000000000000000e+00
1.150000000000000000e+02,3.600000000000000000e+01,0.000000000000000000e+00
1.160000000000000000e+02,1.898000000000000000e+03,0.000000000000000000e+00
1.170000000000000000e+02,-2.366000000000000000e+03,0.000000000000000000e+00
1.180000000000000000e+02,9.930000000000000000e+02,0.000000000000000000e+00
1.190000000000000000e+02,1.152000000000000000e+03,0.000000000000000000e+00
1.200000000000000000e+02,-2.402000000000000000e+03,0.000000000000000000e+00
1.210000000000000000e+02,1.786000000000000000e+03,0.000000000000000000e+00
1.220000000000000000e+02,2.160000000000000000e+02,0.000000000000000000e+00
1.230000000000000000e+02,-2.044000000000000000e+03,0.000000000000000000e+00
1.240000000000000000e+02,2.293000000000000000e+03,0.000000000000000000e+00
1.250000000000000000e+02,-7.600000000000000000e+02,0.000000000000000000e+00
1.260000000000000000e+02,-1.360000000000000000e+03,0.000000000000000000e+00
1.270000000000000000e+02,2.426000000000000000e+03,0.000000000000000000e+00
1.280000000000000000e+02,-1.610000000000000000e+03,0.000000000000000000e+00
1.290000000000000000e+02,-4.540000000000000000e+02,0.000000000000000000e+00
1.300000000000000000e+02,2.171000000000000000e+03,0.000000000000000000e+00
1.310000000000000000e+02,-2.200000000000000000e+03,0.000000000000000000e+00
1.320000000000000000e+02,5.190000000000000000e+02,0.000000000000000000e+00
1.330000000000000000e+02,1.561000000000000000e+03,0.000000000000000000e+00
1.340000000000000000e+02,-2.430000000000000000e+03,0.000000000000000000e+00
1.350000000000000000e+02,1.413000000000000000e+03,0.000000000000000000e+00
1.360000000000000000e+02,6.990000000000000000e+02,0.000000000000000000e+00
1.370000000000000000e+02,-2.269000000000000000e+03,0.000000000000000000e+00
1.380000000000000000e+02,2.079000000000000000e+03,0.000000000000000000e+00
1.390000000000000000e+02,-2.740000000000000000e+02,0.000000000000000000e+00
1.400000000000000000e+02,-1.741000000000000000e+03,-1.000000000000000000e+00
1.410000000000000000e+02,2.409000000000000000e+03,0.000000000000000000e+00
1.420000000000000000e+02,-1.200000000000000000e+03,0.000000000000000000e+00
1.430000000000000000e+02,-9.380000000000000000e+02,0.000000000000000000e+00
1.440000000000000000e+02,2.323000000000000000e+03,0.000000000000000000e+00
1.450000000000000000e+02,-1.806000000000000000e+03,0.000000000000000000e+00
1.460000000000000000e+02,-2.020000000000000000e+02,0.000000000000000000e+00
1.470000000000000000e+02,1.978000000000000000e+03,0.000000000000000000e+00
1.480000000000000000e+02,-1.744000000000000000e+03,0.000000000000000000e+00
1.490000000000000000e+02,-5.110000000000000000e+02,0.000000000000000000e+00
1.500000000000000000e+02,2.174000000000000000e+03,0.000000000000000000e+00
1.510000000000000000e+02,-7.100000000000000000e+02,0.000000000000000000e+00
1.520000000000000000e+02,-1.973000000000000000e+03,0.000000000000000000e+00
1.530000000000000000e+02,1.888000000000000000e+03,0.000000000000000000e+00
1.540000000000000000e+02,-1.940000000000000000e+02,0.000000000000000000e+00
1.550000000000000000e+02,-1.518000000000000000e+03,0.000000000000000000e+00
1.560000000000000000e+02,2.379000000000000000e+03,0.000000000000000000e+00
1.570000000000000000e+02,-1.123000000000000000e+03,0.000000000000000000e+00
1.580000000000000000e+02,-1.016000000000000000e+03,0.000000000000000000e+00
1.590000000000000000e+02,2.364000000000000000e+03,0.000000000000000000e+00
1.600000000000000000e+02,-1.863000000000000000e+03,0.000000000000000000e+00
1.610000000000000000e+02,-2.700000000000000000e+01,0.000000000000000000e+00
1.620000000000000000e+02,1.941000000000000000e+03,0.000000000000000000e+00
1.630000000000000000e+02,-2.346000000000000000e+03,0.000000000000000000e+00
1.640000000000000000e+02,9.240000000000000000e+02,0.000000000000000000e+00
1.650000000000000000e+02,1.186000000000000000e+03,0.000000000000000000e+00
1.660000000000000000e+02,-2.409000000000000000e+03,0.000000000000000000e+00
1.670000000000000000e+02,1.740000000000000000e+03,0.000000000000000000e+00
1.680000000000000000e+02,2.410000000000000000e+02,0.000000000000000000e+00
1.690000000000000000e+02,-2.067000000000000000e+03,0.000000000000000000e+00
1.700000000000000000e+02,2.269000000000000000e+03,0.000000000000000000e+00
1.710000000000000000e+02,-7.380000000000000000e+02,0.000000000000000000e+00
1.720000000000000000e+02,-1.375000000000000000e+03,0.000000000000000000e+00
1.730000000000000000e+02,2.420000000000000000e+03,0.000000000000000000e+00
1.740000000000000000e+02,-1.601000000000000000e+03,0.000000000000000000e+00
1.750000000000000000e+02,-4.620000000000000000e+02,0.000000000000000000e+00
1.760000000000000000e+02,2.163000000000000000e+03,0.000000000000000000e+00
1.770000000000000000e+02,-2.195000000000000000e+03,0.000000000000000000e+00
1.780000000000000000e+02,5.310000000000000000e+02,0.000000000000000000e+00
1.790000000000000000e+02,1.546000000000000000e+03,0.000000000000000000e+00
1.800000000000000000e+02,-2.422000000000000000e+03,0.000000000000000000e+00
1.810000000000000000e+02,1.437000000000000000e+03,0.000000000000000000e+00
1.820000000000000000e+02,6.720000000000000000e+02,0.000000000000000000e+00
1.830000000000000000e+02,-2.246000000000000000e+03,0.000000000000000000e+00
1.840000000000000000e+02,2.097000000000000000e+03,0.000000000000000000e+00
1.850000000000000000e+02,-3.200000000000000000e+02,0.000000000000000000e+00
1.860000000000000000e+02,-1.695000000000000000e+03,0.000000000000000000e+00
1.870000000000000000e+02,2.411000000000000000e+03,0.000000000000000000e+00
1.880000000000000000e+02,-1.259000000000000000e+03,0.000000000000000000e+00
1.890000000000000000e+02,-8.660000000000000000e+02,0.000000000000000000e+00
1.900000000000000000e+02,2.324000000000000000e+03,0.000000000000000000e+00
1.910000000000000000e+02,-1.982000000000000000e+03,0.000000000000000000e+00
1.920000000000000000e+02,1.080000000000000000e+02,0.000000000000000000e+00
1.930000000000000000e+02,1.841000000000000000e+03,0.000000000000000000e+00
1.940000000000000000e+02,-2.377000000000000000e+03,0.000000000000000000e+00
1.950000000000000000e+02,1.071000000000000000e+03,0.000000000000000000e+00
1.960000000000000000e+02,1.058000000000000000e+03,0.000000000000000000e+00
1.970000000000000000e+02,-2.376000000000000000e+03,0.000000000000000000e+00
1.980000000000000000e+02,1.849000000000000000e+03,0.000000000000000000e+00
1.990000000000000000e+02,9.500000000000000000e+01,0.000000000000000000e+00
2.000000000000000000e+02,-1.975000000000000000e+03,0.000000000000000000e+00
2.010000000000000000e+02,2.324000000000000000e+03,0.000000000000000000e+00
2.020000000000000000e+02,-8.800000000000000000e+02,0.000000000000000000e+00
2.030000000000000000e+02,-1.246000000000000000e+03,0.000000000000000000e+00
2.040000000000000000e+02,2.407000000000000000e+03,0.000000000000000000e+00
2.050000000000000000e+02,-1.710000000000000000e+03,0.000000000000000000e+00
2.060000000000000000e+02,-3.070000000000000000e+02,0.000000000000000000e+00
2.070000000000000000e+02,2.089000000000000000e+03,0.000000000000000000e+00
2.080000000000000000e+02,-2.257000000000000000e+03,0.000000000000000000e+00
2.090000000000000000e+02,6.790000000000000000e+02,0.000000000000000000e+00
2.100000000000000000e+02,1.421000000000000000e+03,0.000000000000000000e+00
2.110000000000000000e+02,-2.424000000000000000e+03,0.000000000000000000e+00
2.120000000000000000e+02,1.555000000000000000e+03,0.000000000000000000e+00
2.130000000000000000e+02,5.150000000000000000e+02,0.000000000000000000e+00
2.140000000000000000e+02,-2.191000000000000000e+03,0.000000000000000000e+00
2.150000000000000000e+02,2.168000000000000000e+03,0.000000000000000000e+00
2.160000000000000000e+02,-4.730000000000000000e+02,0.000000000000000000e+00
2.170000000000000000e+02,-1.584000000000000000e+03,0.000000000000000000e+00
2.180000000000000000e+02,2.425000000000000000e+03,0.000000000000000000e+00
2.190000000000000000e+02,-1.386000000000000000e+03,-1.000000000000000000e+00
2.200000000000000000e+02,-7.200000000000000000e+02,0.000000000000000000e+00
2.210000000000000000e+02,2.275000000000000000e+03,0.000000000000000000e+00
2.220000000000000000e+02,-2.066000000000000000e+03,0.000000000000000000e+00
2.230000000000000000e+02,2.650000000000000000e+02,0.000000000000000000e+00
2.240000000000000000e+02,1.744000000000000000e+03,0.000000000000000000e+00
2.250000000000000000e+02,-2.400000000000000000e+03,0.000000000000000000e+00
2.260000000000000000e+02,1.208000000000000000e+03,0.000000000000000000e+00
2.270000000000000000e+02,9.200000000000000000e+02,0.000000000000000000e+00
2.280000000000000000e+02,-2.339000000000000000e+03,0.000000000000000000e+00
2.290000000000000000e+02,1.949000000000000000e+03,0.000000000000000000e+00
2.300000000000000000e+02,-5.000000000000000000e+01,0.000000000000000000e+00
2.310000000000000000e+02,-1.882000000000000000e+03,0.000000000000000000e+00
2.320000000000000000e+02,2.364000000000000000e+03,0.000000000000000000e+00
2.330000000000000000e+02,-1.019000000000000000e+03,0.000000000000000000e+00
2.340000000000000000e+02,-1.115000000000000000e+03,0.000000000000000000e+00
2.350000000000000000e+02,2.384000000000000000e+03,0.000000000000000000e+00
2.360000000000000000e+02,-1.812000000000000000e+03,0.000000000000000000e+00
2.370000000000000000e+02,-1.560000000000000000e+02,0.000000000000000000e+00
2.380000000000000000e+02,2.009000000000000000e+03,0.000000000000000000e+00
2.390000000000000000e+02,-2.304000000000000000e+03,0.000000000000000000e+00
2.400000000000000000e+02,8.240000000000000000e+02,0.000000000000000000e+00
2.410000000000000000e+02,1.294000000000000000e+03,0.000000000000000000e+00
2.420000000000000000e+02,-2.413000000000000000e+03,0.000000000000000000e+00
2.430000000000000000e+02,1.669000000000000000e+03,0.000000000000000000e+00
2.440000000000000000e+02,3.680000000000000000e+02,0.000000000000000000e+00
2.450000000000000000e+02,-2.118000000000000000e+03,0.000000000000000000e+00
