time_us,intended_freq_mhz,measured_freq_mhz,freq_err_mhz
5.000000000000000000e-01,1.090000000000000000e+02,1.086906726731442347e+02,9.245835625865087004e-02
1.500000000000000000e+00,1.090006080599897587e+02,1.086906960161943658e+02,9.245835625865087004e-02
2.500000000000000000e+00,1.090024157501965902e+02,1.086902582205190129e+02,9.245835625865087004e-02
3.500000000000000000e+00,1.090053983359768495e+02,1.086920200884181469e+02,9.245835625865087004e-02
4.500000000000000000e+00,1.090095310826868769e+02,1.086948239035972676e+02,9.245835625865087004e-02
5.500000000000000000e+00,1.090147892556830413e+02,1.087010702827532924e+02,9.245835625865087004e-02
6.500000000000000000e+00,1.090211481203216692e+02,1.087079024465674735e+02,9.245835625865087004e-02
7.500000000000000000e+00,1.090285829419591295e+02,1.087114972211694948e+02,9.245835625865087004e-02
8.500000000000000000e+00,1.090370689859517483e+02,1.087239620495417682e+02,9.245835625865087004e-02
9.500000000000000000e+00,1.090465815176558948e+02,1.087262074137876908e+02,9.245835625865087004e-02
1.050000000000000000e+01,1.090570958024279093e+02,1.087359000597676442e+02,9.245835625865087004e-02
1.150000000000000000e+01,1.090685871056241467e+02,1.087477299752274433e+02,9.245835625865087004e-02
1.250000000000000000e+01,1.090810306926009474e+02,1.087580761540491068e+02,9.245835625865087004e-02
1.350000000000000000e+01,1.090944018287146520e+02,1.087696838850596492e+02,9.245835625865087004e-02
1.450000000000000000e+01,1.091086757793216293e+02,1.087810439452061075e+02,9.245835625865087004e-02
1.550000000000000000e+01,1.091238278097782199e+02,1.087960957076320057e+02,9.245835625865087004e-02
1.650000000000000000e+01,1.091398331854407786e+02,1.088102158403796693e+02,9.245835625865087004e-02
1.750000000000000000e+01,1.091566671716656458e+02,1.088257219419958233e+02,9.245835625865087004e-02
1.850000000000000000e+01,1.091743050338091621e+02,1.088396577059645125e+02,9.245835625865087004e-02
1.950000000000000000e+01,1.091927220372276963e+02,1.088531352277251472e+02,9.245835625865087004e-02
2.050000000000000000e+01,1.092118934472775891e+02,1.088744124631127050e+02,9.245835625865087004e-02
2.150000000000000000e+01,1.092317945293151951e+02,1.088866268362861405e+02,9.245835625865087004e-02
2.250000000000000000e+01,1.092524005486968406e+02,1.089100796073479529e+02,9.245835625865087004e-02
2.350000000000000000e+01,1.092736867707789088e+02,1.089260832502862257e+02,9.245835625865087004e-02
2.450000000000000000e+01,1.092956284609177118e+02,1.089458802803224842e+02,9.245835625865087004e-02
2.550000000000000000e+01,1.093182008844696327e+02,1.089674745985115010e+02,9.245835625865087004e-02
2.650000000000000000e+01,1.093413793067909978e+02,1.089854740095604910e+02,9.245835625865087004e-02
2.750000000000000000e+01,1.093651389932381619e+02,1.090093150214518687e+02,9.245835625865087004e-02
2.850000000000000000e+01,1.093894552091674797e+02,1.090304321952996958e+02,9.245835625865087004e-02
2.950000000000000000e+01,1.094143032199352916e+02,1.090525153489918466e+02,9.245835625865087004e-02
3.050000000000000000e+01,1.094396582908979667e+02,1.090769513355291878e+02,9.245835625865087004e-02
3.150000000000000000e+01,1.094654956874118170e+02,1.091018368546192931e+02,9.245835625865087004e-02
3.250000000000000000e+01,1.094917906748332257e+02,1.091261894994500068e+02,9.245835625865087004e-02
3.350000000000000000e+01,1.095185185185185190e+02,1.091525534329737042e+02,9.245835625865087004e-02
3.450000000000000000e+01,1.095456544838240518e+02,1.091726541440749259e+02,9.245835625865087004e-02
3.550000000000000000e+01,1.095731738361061929e+02,1.091995768593359628e+02,9.245835625865087004e-02
3.650000000000000000e+01,1.096010518407212686e+02,1.092250147221146364e+02,9.245835625865087004e-02
3.750000000000000000e+01,1.096292637630256195e+02,1.092526116197746404e+02,9.245835625865087004e-02
3.850000000000000000e+01,1.096577848683756287e+02,1.092810722040109823e+02,9.245835625865087004e-02
3.950000000000000000e+01,1.096865904221276082e+02,1.093090154786535493e+02,9.245835625865087004e-02
4.050000000000000000e+01,1.097156556896379414e+02,1.093355665471624292e+02,9.245835625865087004e-02
4.150000000000000000e+01,1.097449559362629401e+02,1.093685047527040126e+02,9.245835625865087004e-02
4.250000000000000000e+01,1.097744664273589876e+02,1.093965233964355122e+02,9.245835625865087004e-02
4.350000000000000000e+01,1.098041624282824102e+02,1.094243948772213173e+02,9.245835625865087004e-02
4.450000000000000000e+01,1.098340192043895769e+02,1.094528333812701959e+02,9.245835625865087004e-02
4.550000000000000000e+01,1.098640120210368138e+02,1.094829871287026322e+02,9.245835625865087004e-02
4.650000000000000000e+01,1.098941161435804901e+02,1.095124873721687209e+02,9.245835625865087004e-02
4.750000000000000000e+01,1.099243068373769319e+02,1.095459719136508880e+02,9.245835625865087004e-02
4.850000000000000000e+01,1.099545593677825082e+02,1.095754717529511737e+02,9.245835625865087004e-02
4.950000000000000000e+01,1.099848490001535595e+02,1.096093374543789736e+02,9.245835625865087004e-02
5.050000000000000000e+01,1.100151509998464405e+02,1.096340447227331225e+02,9.245835625865087004e-02
5.150000000000000000e+01,1.100454406322174918e+02,1.096677487032143858e+02,9.245835625865087004e-02
5.250000000000000000e+01,1.100756931626230681e+02,1.097052828672221807e+02,9.245835625865087004e-02
5.350000000000000000e+01,1.101058838564195099e+02,1.097353846225646095e+02,9.245835625865087004e-02
5.450000000000000000e+01,1.101359879789631862e+02,1.097666043950499954e+02,9.245835625865087004e-02
5.550000000000000000e+01,1.101659807956104231e+02,1.097998319972591474e+02,9.245835625865087004e-02
5.650000000000000000e+01,1.101958375717175898e+02,1.098294820240266318e+02,9.245835625865087004e-02
5.750000000000000000e+01,1.102255335726410124e+02,1.098678303360238289e+02,9.245835625865087004e-02
5.850000000000000000e+01,1.102550440637370599e+02,1.098957542581705553e+02,9.245835625865087004e-02
5.950000000000000000e+01,1.102843443103620586e+02,1.099327015762217741e+02,9.245835625865087004e-02
6.050000000000000000e+01,1.103134095778723918e+02,1.099659535690429664e+02,9.245835625865087004e-02
6.150000000000000000e+01,1.103422151316243713e+02,1.100019608430869340e+02,9.245835625865087004e-02
6.250000000000000000e+01,1.103707362369743805e+02,1.100280413627749567e+02,9.245835625865087004e-02
6.350000000000000000e+01,1.103989481592787314e+02,1.100610382334948412e+02,9.245835625865087004e-02
6.450000000000000000e+01,1.104268261638938071e+02,1.100959172096076770e+02,9.245835625865087004e-02
6.550000000000000000e+01,1.104543455161759482e+02,1.101293924664774408e+02,9.245835625865087004e-02
6.650000000000000000e+01,1.104814814814814810e+02,1.101620243472158762e+02,9.245835625865087004e-02
6.750000000000000000e+01,1.105082093251667743e+02,1.101960975066332935e+02,9.245835625865087004e-02
6.850000000000000000e+01,1.105345043125881830e+02,1.102253288403789639e+02,9.245835625865087004e-02
6.950000000000000000e+01,1.105603417091020333e+02,1.102578104805058103e+02,9.245835625865087004e-02
7.050000000000000000e+01,1.105856967800647084e+02,1.102893637538327170e+02,9.245835625865087004e-02
7.150000000000000000e+01,1.106105447908325203e+02,1.103170382960238953e+02,9.245835625865087004e-02
7.250000000000000000e+01,1.106348610067618381e+02,1.103520003362960011e+02,9.245835625865087004e-02
7.350000000000000000e+01,1.106586206932090022e+02,1.103782175737247968e+02,9.245835625865087004e-02
7.450000000000000000e+01,1.106817991155303673e+02,1.104086286151134573e+02,9.245835625865087004e-02
7.550000000000000000e+01,1.107043715390822882e+02,1.104359186240741337e+02,9.245835625865087004e-02
7.650000000000000000e+01,1.107263132292210912e+02,1.104666853671915021e+02,9.245835625865087004e-02
7.750000000000000000e+01,1.107475994513031594e+02,1.104967878529188283e+02,9.245835625865087004e-02
7.850000000000000000e+01,1.107682054706848049e+02,1.105215951351677433e+02,9.245835625865087004e-02
7.950000000000000000e+01,1.107881065527224109e+02,1.105536655459210920e+02,9.245835625865087004e-02
8.050000000000000000e+01,1.108072779627723037e+02,1.105777333614099263e+02,9.245835625865087004e-02
8.150000000000000000e+01,1.108256949661908379e+02,1.106051244842642518e+02,9.245835625865087004e-02
8.250000000000000000e+01,1.108433328283343542e+02,1.106233486743318792e+02,9.245835625865087004e-02
8.350000000000000000e+01,1.108601668145592214e+02,1.106506730288014353e+02,9.245835625865087004e-02
8.450000000000000000e+01,1.108761721902217801e+02,1.106719367218300363e+02,9.245835625865087004e-02
8.550000000000000000e+01,1.108913242206783707e+02,1.106947655716428756e+02,9.245835625865087004e-02
8.650000000000000000e+01,1.109055981712853480e+02,1.107143488280273687e+02,9.245835625865087004e-02
8.750000000000000000e+01,1.109189693073990668e+02,1.107371513532423251e+02,9.245835625865087004e-02
8.850000000000000000e+01,1.109314128943758533e+02,1.107558806676026819e+02,9.245835625865087004e-02
8.950000000000000000e+01,1.109429041975720907e+02,1.107691445011763989e+02,9.245835625865087004e-02
9.050000000000000000e+01,1.109534184823441052e+02,1.107805146933686586e+02,9.245835625865087004e-02
9.150000000000000000e+01,1.109629310140482517e+02,1.107998404027876518e+02,9.245835625865087004e-02
9.250000000000000000e+01,1.109714170580408705e+02,1.108122895000533816e+02,9.245835625865087004e-02
9.350000000000000000e+01,1.109788518796783308e+02,1.108309122255413683e+02,9.245835625865087004e-02
9.450000000000000000e+01,1.109852107443169587e+02,1.108328398036781408e+02,9.245835625865087004e-02
9.550000000000000000e+01,1.109904689173131231e+02,1.108449571491325258e+02,9.245835625865087004e-02
9.650000000000000000e+01,1.109946016640231505e+02,1.108492608242811315e+02,9.245835625865087004e-02
9.750000000000000000e+01,1.109975842498034098e+02,1.108601391681004316e+02,9.245835625865087004e-02
9.850000000000000000e+01,1.109993919400102413e+02,1.108619604319243166e+02,9.245835625865087004e-02
9.950000000000000000e+01,1.110000000000000000e+02,1.108602976850521884e+02,9.245835625865087004e-02
