step,tone_idx,intended_freq_mhz,measured_freq_mhz
0.000000000000000000e+00,0.000000000000000000e+00,1.060000000000000000e+02,1.065372102685214770e+02
0.000000000000000000e+00,1.000000000000000000e+00,1.070000000000000000e+02,1.075915802497066380e+02
0.000000000000000000e+00,2.000000000000000000e+00,1.080000000000000000e+02,1.085132745429611987e+02
0.000000000000000000e+00,3.000000000000000000e+00,1.090000000000000000e+02,1.093440776750269521e+02
0.000000000000000000e+00,4.000000000000000000e+00,1.100000000000000000e+02,1.101343998543724894e+02
0.000000000000000000e+00,5.000000000000000000e+00,1.110000000000000000e+02,1.109079763084445176e+02
0.000000000000000000e+00,6.000000000000000000e+00,1.120000000000000000e+02,1.116753706002635909e+02
0.000000000000000000e+00,7.000000000000000000e+00,1.130000000000000000e+02,1.124996420916823894e+02
1.000000000000000000e+00,0.000000000000000000e+00,1.060080186616124820e+02,1.065474246665081353e+02
1.000000000000000000e+00,1.000000000000000000e+00,1.070080186616124820e+02,1.076075679659906541e+02
1.000000000000000000e+00,2.000000000000000000e+00,1.080080186616124820e+02,1.085199857859275738e+02
1.000000000000000000e+00,3.000000000000000000e+00,1.090080186616124820e+02,1.093515761400565083e+02
1.000000000000000000e+00,4.000000000000000000e+00,1.100080186616124820e+02,1.101453760302241704e+02
1.000000000000000000e+00,5.000000000000000000e+00,1.110080186616124820e+02,1.109130463159941797e+02
1.000000000000000000e+00,6.000000000000000000e+00,1.120080186616124820e+02,1.116798505180902907e+02
1.000000000000000000e+00,7.000000000000000000e+00,1.130080186616124820e+02,1.125073131802339503e+02
2.000000000000000000e+00,0.000000000000000000e+00,1.060309082956699172e+02,1.065756874165668080e+02
2.000000000000000000e+00,1.000000000000000000e+00,1.070309082956699172e+02,1.076256522195272254e+02
2.000000000000000000e+00,2.000000000000000000e+00,1.080309082956699172e+02,1.085408877037123858e+02
2.000000000000000000e+00,3.000000000000000000e+00,1.090309082956699172e+02,1.093734792412953851e+02
2.000000000000000000e+00,4.000000000000000000e+00,1.100309082956699172e+02,1.101596369984269614e+02
2.000000000000000000e+00,5.000000000000000000e+00,1.110309082956699172e+02,1.109227718550378512e+02
2.000000000000000000e+00,6.000000000000000000e+00,1.120309082956699172e+02,1.117052667414392602e+02
2.000000000000000000e+00,7.000000000000000000e+00,1.130309082956699172e+02,1.125408216689107661e+02
3.000000000000000000e+00,0.000000000000000000e+00,1.060669193760023319e+02,1.066109519926838374e+02
3.000000000000000000e+00,1.000000000000000000e+00,1.070669193760023319e+02,1.076653699234289974e+02
3.000000000000000000e+00,2.000000000000000000e+00,1.080669193760023319e+02,1.085720307875341746e+02
3.000000000000000000e+00,3.000000000000000000e+00,1.090669193760023319e+02,1.093969489702154902e+02
3.000000000000000000e+00,4.000000000000000000e+00,1.100669193760023319e+02,1.101869596737739840e+02
3.000000000000000000e+00,5.000000000000000000e+00,1.110669193760023319e+02,1.109670660853120268e+02
3.000000000000000000e+00,6.000000000000000000e+00,1.120669193760023319e+02,1.117467481392172033e+02
3.000000000000000000e+00,7.000000000000000000e+00,1.130669193760023319e+02,1.125880410528070001e+02
4.000000000000000000e+00,0.000000000000000000e+00,1.061143023764397100e+02,1.066722499535923845e+02
4.000000000000000000e+00,1.000000000000000000e+00,1.071143023764397100e+02,1.077058582011878514e+02
4.000000000000000000e+00,2.000000000000000000e+00,1.081143023764397100e+02,1.086144129219728711e+02
4.000000000000000000e+00,3.000000000000000000e+00,1.091143023764397100e+02,1.094394701600200079e+02
4.000000000000000000e+00,4.000000000000000000e+00,1.101143023764397100e+02,1.102254992637904110e+02
4.000000000000000000e+00,5.000000000000000000e+00,1.111143023764397100e+02,1.109964333043742641e+02
4.000000000000000000e+00,6.000000000000000000e+00,1.121143023764397100e+02,1.117654934798804902e+02
4.000000000000000000e+00,7.000000000000000000e+00,1.131143023764397100e+02,1.125946276673057298e+02
5.000000000000000000e+00,0.000000000000000000e+00,1.061713077708120778e+02,1.067333883886917363e+02
5.000000000000000000e+00,1.000000000000000000e+00,1.071713077708120778e+02,1.077578292157194824e+02
5.000000000000000000e+00,2.000000000000000000e+00,1.081713077708120778e+02,1.086638397576499955e+02
5.000000000000000000e+00,3.000000000000000000e+00,1.091713077708120778e+02,1.094908522527420303e+02
5.000000000000000000e+00,4.000000000000000000e+00,1.101713077708120778e+02,1.102696865078374202e+02
5.000000000000000000e+00,5.000000000000000000e+00,1.111713077708120778e+02,1.110471616125003038e+02
5.000000000000000000e+00,6.000000000000000000e+00,1.121713077708120778e+02,1.118114211733420973e+02
5.000000000000000000e+00,7.000000000000000000e+00,1.131713077708120778e+02,1.126539225602860341e+02
6.000000000000000000e+00,0.000000000000000000e+00,1.062361860329494050e+02,1.068064635977911081e+02
6.000000000000000000e+00,1.000000000000000000e+00,1.072361860329494050e+02,1.078202187008837711e+02
6.000000000000000000e+00,2.000000000000000000e+00,1.082361860329494050e+02,1.087141824207435263e+02
6.000000000000000000e+00,3.000000000000000000e+00,1.092361860329494050e+02,1.095382516860066175e+02
6.000000000000000000e+00,4.000000000000000000e+00,1.102361860329494050e+02,1.103162018163729101e+02
6.000000000000000000e+00,5.000000000000000000e+00,1.112361860329494050e+02,1.110911129979231902e+02
6.000000000000000000e+00,6.000000000000000000e+00,1.122361860329494050e+02,1.118928522535777716e+02
6.000000000000000000e+00,7.000000000000000000e+00,1.132361860329494050e+02,1.127328028743211377e+02
7.000000000000000000e+00,0.000000000000000000e+00,1.063071876366817321e+02,1.068850428915543915e+02
7.000000000000000000e+00,1.000000000000000000e+00,1.073071876366817321e+02,1.078863781569574769e+02
7.000000000000000000e+00,2.000000000000000000e+00,1.083071876366817321e+02,1.087772440764592687e+02
7.000000000000000000e+00,3.000000000000000000e+00,1.093071876366817321e+02,1.095923631221528893e+02
7.000000000000000000e+00,4.000000000000000000e+00,1.103071876366817321e+02,1.103700521135625081e+02
7.000000000000000000e+00,5.000000000000000000e+00,1.113071876366817321e+02,1.111431671304865603e+02
7.000000000000000000e+00,6.000000000000000000e+00,1.123071876366817321e+02,1.119352170479053967e+02
7.000000000000000000e+00,7.000000000000000000e+00,1.133071876366817321e+02,1.127801275768192681e+02
8.000000000000000000e+00,0.000000000000000000e+00,1.063825630558390429e+02,1.069666659197470722e+02
8.000000000000000000e+00,1.000000000000000000e+00,1.073825630558390429e+02,1.079597101116410158e+02
8.000000000000000000e+00,2.000000000000000000e+00,1.083825630558390429e+02,1.088401838825193266e+02
8.000000000000000000e+00,3.000000000000000000e+00,1.093825630558390429e+02,1.096521590277303204e+02
8.000000000000000000e+00,4.000000000000000000e+00,1.103825630558390429e+02,1.104342241464355965e+02
8.000000000000000000e+00,5.000000000000000000e+00,1.113825630558390429e+02,1.112079657400171158e+02
8.000000000000000000e+00,6.000000000000000000e+00,1.123825630558390429e+02,1.120055264351351099e+02
8.000000000000000000e+00,7.000000000000000000e+00,1.133825630558390429e+02,1.128354138418899026e+02
9.000000000000000000e+00,0.000000000000000000e+00,1.064605627642513497e+02,1.070432128592144068e+02
9.000000000000000000e+00,1.000000000000000000e+00,1.074605627642513497e+02,1.080281877566072808e+02
9.000000000000000000e+00,2.000000000000000000e+00,1.084605627642513497e+02,1.089095519144263875e+02
9.000000000000000000e+00,3.000000000000000000e+00,1.094605627642513497e+02,1.097192703004594421e+02
9.000000000000000000e+00,4.000000000000000000e+00,1.104605627642513497e+02,1.104951326451270432e+02
9.000000000000000000e+00,5.000000000000000000e+00,1.114605627642513497e+02,1.112643178201649334e+02
9.000000000000000000e+00,6.000000000000000000e+00,1.124605627642513497e+02,1.120500056719452999e+02
9.000000000000000000e+00,7.000000000000000000e+00,1.134605627642513497e+02,1.128907059446717085e+02
1.000000000000000000e+01,0.000000000000000000e+00,1.065394372357486503e+02,1.071269339526075726e+02
1.000000000000000000e+01,1.000000000000000000e+00,1.075394372357486503e+02,1.081032456345690917e+02
1.000000000000000000e+01,2.000000000000000000e+00,1.085394372357486503e+02,1.089735719063141914e+02
1.000000000000000000e+01,3.000000000000000000e+00,1.095394372357486503e+02,1.097760162805101061e+02
1.000000000000000000e+01,4.000000000000000000e+00,1.105394372357486503e+02,1.105475454487336009e+02
1.000000000000000000e+01,5.000000000000000000e+00,1.115394372357486503e+02,1.113169856881403490e+02
1.000000000000000000e+01,6.000000000000000000e+00,1.125394372357486503e+02,1.121368267020537672e+02
1.000000000000000000e+01,7.000000000000000000e+00,1.135394372357486503e+02,1.129905307280308193e+02
1.100000000000000000e+01,0.000000000000000000e+00,1.066174369441609571e+02,1.072082324009313226e+02
1.100000000000000000e+01,1.000000000000000000e+00,1.076174369441609571e+02,1.081806960444278332e+02
1.100000000000000000e+01,2.000000000000000000e+00,1.086174369441609571e+02,1.090347813058337607e+02
1.100000000000000000e+01,3.000000000000000000e+00,1.096174369441609571e+02,1.098372701843861989e+02
1.100000000000000000e+01,4.000000000000000000e+00,1.106174369441609571e+02,1.106074634011394835e+02
1.100000000000000000e+01,5.000000000000000000e+00,1.116174369441609571e+02,1.113853772318703648e+02
1.100000000000000000e+01,6.000000000000000000e+00,1.126174369441609571e+02,1.121713622396411409e+02
1.100000000000000000e+01,7.000000000000000000e+00,1.136174369441609571e+02,1.130636950543411103e+02
1.200000000000000000e+01,0.000000000000000000e+00,1.066928123633182679e+02,1.072849104004824028e+02
1.200000000000000000e+01,1.000000000000000000e+00,1.076928123633182679e+02,1.082402747849203877e+02
1.200000000000000000e+01,2.000000000000000000e+00,1.086928123633182679e+02,1.091014909035595508e+02
1.200000000000000000e+01,3.000000000000000000e+00,1.096928123633182679e+02,1.098968158664432906e+02
1.200000000000000000e+01,4.000000000000000000e+00,1.106928123633182679e+02,1.106679938991612602e+02
1.200000000000000000e+01,5.000000000000000000e+00,1.116928123633182679e+02,1.114527529170696027e+02
1.200000000000000000e+01,6.000000000000000000e+00,1.126928123633182679e+02,1.122555504865619440e+02
1.200000000000000000e+01,7.000000000000000000e+00,1.136928123633182679e+02,1.131182933181612071e+02
1.300000000000000000e+01,0.000000000000000000e+00,1.067638139670505950e+02,1.073621994427471407e+02
1.300000000000000000e+01,1.000000000000000000e+00,1.077638139670505950e+02,1.083020973664622630e+02
1.300000000000000000e+01,2.000000000000000000e+00,1.087638139670505950e+02,1.091555716546872787e+02
1.300000000000000000e+01,3.000000000000000000e+00,1.097638139670505950e+02,1.099515318593944784e+02
1.300000000000000000e+01,4.000000000000000000e+00,1.107638139670505950e+02,1.107214606773527947e+02
1.300000000000000000e+01,5.000000000000000000e+00,1.117638139670505950e+02,1.115081533264703495e+02
1.300000000000000000e+01,6.000000000000000000e+00,1.127638139670505950e+02,1.123070812391249405e+02
1.300000000000000000e+01,7.000000000000000000e+00,1.137638139670505950e+02,1.131867329129803039e+02
1.400000000000000000e+01,0.000000000000000000e+00,1.068286922291879222e+02,1.074267194937773269e+02
1.400000000000000000e+01,1.000000000000000000e+00,1.078286922291879222e+02,1.083627474631667127e+02
1.400000000000000000e+01,2.000000000000000000e+00,1.088286922291879222e+02,1.092100678487278884e+02
1.400000000000000000e+01,3.000000000000000000e+00,1.098286922291879222e+02,1.100016032327484510e+02
1.400000000000000000e+01,4.000000000000000000e+00,1.108286922291879222e+02,1.107782108558277656e+02
1.400000000000000000e+01,5.000000000000000000e+00,1.118286922291879222e+02,1.115618776945013053e+02
1.400000000000000000e+01,6.000000000000000000e+00,1.128286922291879222e+02,1.123705189712354553e+02
1.400000000000000000e+01,7.000000000000000000e+00,1.138286922291879222e+02,1.132710871739246699e+02
1.500000000000000000e+01,0.000000000000000000e+00,1.068856976235602900e+02,1.074821748318658479e+02
1.500000000000000000e+01,1.000000000000000000e+00,1.078856976235602900e+02,1.084125757383619941e+02
1.500000000000000000e+01,2.000000000000000000e+00,1.088856976235602900e+02,1.092563805540093682e+02
1.500000000000000000e+01,3.000000000000000000e+00,1.098856976235602900e+02,1.100508268881134626e+02
1.500000000000000000e+01,4.000000000000000000e+00,1.108856976235602900e+02,1.108186138559802600e+02
1.500000000000000000e+01,5.000000000000000000e+00,1.118856976235602900e+02,1.115923417190251570e+02
1.500000000000000000e+01,6.000000000000000000e+00,1.128856976235602900e+02,1.124054397760374542e+02
1.500000000000000000e+01,7.000000000000000000e+00,1.138856976235602900e+02,1.133152282052838018e+02
1.600000000000000000e+01,0.000000000000000000e+00,1.069330806239976681e+02,1.075215773074417172e+02
1.600000000000000000e+01,1.000000000000000000e+00,1.079330806239976681e+02,1.084556022769237700e+02
1.600000000000000000e+01,2.000000000000000000e+00,1.089330806239976681e+02,1.093000007683323531e+02
1.600000000000000000e+01,3.000000000000000000e+00,1.099330806239976681e+02,1.100836444139557955e+02
1.600000000000000000e+01,4.000000000000000000e+00,1.109330806239976681e+02,1.108528416169322242e+02
1.600000000000000000e+01,5.000000000000000000e+00,1.119330806239976681e+02,1.116387380484976148e+02
1.600000000000000000e+01,6.000000000000000000e+00,1.129330806239976681e+02,1.124728289711528362e+02
1.600000000000000000e+01,7.000000000000000000e+00,1.139330806239976681e+02,1.133405297361554176e+02
1.700000000000000000e+01,0.000000000000000000e+00,1.069690917043300828e+02,1.075643842066058653e+02
1.700000000000000000e+01,1.000000000000000000e+00,1.079690917043300828e+02,1.084894918146418235e+02
1.700000000000000000e+01,2.000000000000000000e+00,1.089690917043300828e+02,1.093219500820314067e+02
1.700000000000000000e+01,3.000000000000000000e+00,1.099690917043300828e+02,1.101115304612367254e+02
1.700000000000000000e+01,4.000000000000000000e+00,1.109690917043300828e+02,1.108868046777320586e+02
1.700000000000000000e+01,5.000000000000000000e+00,1.119690917043300828e+02,1.116515005986089761e+02
1.700000000000000000e+01,6.000000000000000000e+00,1.129690917043300828e+02,1.124680599995061669e+02
1.700000000000000000e+01,7.000000000000000000e+00,1.139690917043300828e+02,1.133930761320225429e+02
1.800000000000000000e+01,0.000000000000000000e+00,1.069919813383875180e+02,1.075811539968578927e+02
1.800000000000000000e+01,1.000000000000000000e+00,1.079919813383875180e+02,1.085071942852140552e+02
1.800000000000000000e+01,2.000000000000000000e+00,1.089919813383875180e+02,1.093459404230425775e+02
1.800000000000000000e+01,3.000000000000000000e+00,1.099919813383875180e+02,1.101314735800478815e+02
1.800000000000000000e+01,4.000000000000000000e+00,1.109919813383875180e+02,1.109053611912073052e+02
1.800000000000000000e+01,5.000000000000000000e+00,1.119919813383875180e+02,1.116922563608789574e+02
1.800000000000000000e+01,6.000000000000000000e+00,1.129919813383875180e+02,1.125009221917108846e+02
1.800000000000000000e+01,7.000000000000000000e+00,1.139919813383875180e+02,1.134216976868915907e+02
1.900000000000000000e+01,0.000000000000000000e+00,1.070000000000000000e+02,1.075921040009574625e+02
1.900000000000000000e+01,1.000000000000000000e+00,1.080000000000000000e+02,1.085176961708179846e+02
1.900000000000000000e+01,2.000000000000000000e+00,1.090000000000000000e+02,1.093520389616722781e+02
1.900000000000000000e+01,3.000000000000000000e+00,1.100000000000000000e+02,1.101347059379169906e+02
1.900000000000000000e+01,4.000000000000000000e+00,1.110000000000000000e+02,1.109087016010021500e+02
1.900000000000000000e+01,5.000000000000000000e+00,1.120000000000000000e+02,1.117018223486776236e+02
1.900000000000000000e+01,6.000000000000000000e+00,1.130000000000000000e+02,1.125118992905652817e+02
1.900000000000000000e+01,7.000000000000000000e+00,1.140000000000000000e+02,1.134360140840846753e+02
