loop_iter,intended_freq_mhz,measured_freq_mhz,freq_err_mhz,fit_mhz
0.000000000000000000e+00,1.100000000000000000e+02,1.100697151465052315e+02,1.106940477861912986e-04,1.100697561823196509e+02
1.000000000000000000e+00,1.100000000000000000e+02,1.100698229595460731e+02,1.106940477861912986e-04,1.100697561823196509e+02
2.000000000000000000e+00,1.100000000000000000e+02,1.100698477442897740e+02,1.106940477861912986e-04,1.100697561823196509e+02
3.000000000000000000e+00,1.100000000000000000e+02,1.100697881043304704e+02,1.106940477861912986e-04,1.100697561823196509e+02
4.000000000000000000e+00,1.100000000000000000e+02,1.100695409105652942e+02,1.106940477861912986e-04,1.100697561823196509e+02
5.000000000000000000e+00,1.100000000000000000e+02,1.100697477152965433e+02,1.106940477861912986e-04,1.100697561823196509e+02
6.000000000000000000e+00,1.100000000000000000e+02,1.100696123513721432e+02,1.106940477861912986e-04,1.100697561823196509e+02
7.000000000000000000e+00,1.100000000000000000e+02,1.100694870157494165e+02,1.106940477861912986e-04,1.100697561823196509e+02
8.000000000000000000e+00,1.100000000000000000e+02,1.100697083828147953e+02,1.106940477861912986e-04,1.100697561823196509e+02
9.000000000000000000e+00,1.100000000000000000e+02,1.100698260677776119e+02,1.106940477861912986e-04,1.100697561823196509e+02
1.000000000000000000e+01,1.100000000000000000e+02,1.100698682491077989e+02,1.106940477861912986e-04,1.100697561823196509e+02
1.100000000000000000e+01,1.100000000000000000e+02,1.100698901809906829e+02,1.106940477861912986e-04,1.100697561823196509e+02
1.200000000000000000e+01,1.100000000000000000e+02,1.100698858197055188e+02,1.106940477861912986e-04,1.100697561823196509e+02
1.300000000000000000e+01,1.100000000000000000e+02,1.100698429564329643e+02,1.106940477861912986e-04,1.100697561823196509e+02
1.400000000000000000e+01,1.100000000000000000e+02,1.100698175030208574e+02,1.106940477861912986e-04,1.100697561823196509e+02
1.500000000000000000e+01,1.100000000000000000e+02,1.100698159024016576e+02,1.106940477861912986e-04,1.100697561823196509e+02
1.600000000000000000e+01,1.100000000000000000e+02,1.100697788605631047e+02,1.106940477861912986e-04,1.100697561823196509e+02
1.700000000000000000e+01,1.100000000000000000e+02,1.100696535917957277e+02,1.106940477861912986e-04,1.100697561823196509e+02
1.800000000000000000e+01,1.100000000000000000e+02,1.100696705623394109e+02,1.106940477861912986e-04,1.100697561823196509e+02
1.900000000000000000e+01,1.100000000000000000e+02,1.100698036217884095e+02,1.106940477861912986e-04,1.100697561823196509e+02
